{"name": "nature_of_business", "section_image_coordinates": [0, 7387.336139380932, 2550, 8035.27557849884], "section_fields": [{"name": "nature_of_business", "polygon": [], "contained_ocr_text_blocs": [], "Geometry": {"Polygon": [{"X": 0.030293999999999998, "Y": 0.56823875}, {"X": 0.969412, "Y": 0.56823875}, {"X": 0.969412, "Y": 0.6077275}, {"X": 0.030293999999999998, "Y": 0.6077275}]}}], "mask_points": [[[77.24969999999999, 114.63573907756826], [2472.0006000000003, 114.63573907756826], [2472.0006000000003, 635.8872390775676], [77.24969999999999, 635.8872390775676]]]}