{"name": "remarks_acord_101", "section_image_coordinates": [0, 5862.2013330459595, 2550, 6458.862841129303], "section_fields": [{"name": "remarks", "polygon": [], "contained_ocr_text_blocs": [], "Geometry": {"Polygon": [{"X": 0.030866406300711427, "Y": 0.4469964664310956}, {"X": 0.969445021824984, "Y": 0.4469964664310956}, {"X": 0.969445021824984, "Y": 0.4882950530035336}, {"X": 0.030866406300711427, "Y": 0.4882950530035336}]}}], "mask_points": [[[78.70933606681415, 33.301986613056926], [2472.0848056537093, 33.301986613056926], [2472.0848056537093, 578.4433293692387], [78.70933606681415, 578.4433293692387]]]}